,ssn,name,age,address,city,sex,role,email,salary
0,016-52-0591,Christopher Gilbert,35,698 Joseph Lodge,Rojasside,Male,Delivery,obuck@example.org,46145.0
1,658-67-1060,Christopher Hill,25,60700 Johnston Station,Leefort,Female,Software Engineer,jhouston@example.net,102843.0
2,496-73-7380,Amanda Griffin,47,211 Cody Ranch Suite 684,Jamesfort,Male,Warehouse worker,gjohnson@example.com,102843.0
3,251-59-6313,Christopher Poole,53,47319 Sean Plain Apt. 820,New Ericburgh,Male,Delivery,juliaclark@example.org,46145.0
4,105-25-9963,Cory Christensen Jr.,32,36395 Ingram Springs,Haileychester,Female,Delivery,fanderson@example.com,46145.0
5,749-80-6233,Dustin Hill,34,625 Ricky Islands,Robertfurt,Male,Software Engineer,rodriguezcourtney@example.net,102843.0
6,085-40-3618,Manuel Le,26,2405 Mary Light Suite 037,West Michaelview,Female,Data Scientist,cynthiadelgado@example.org,179313.0
7,104-98-3920,Mark Zimmerman,21,93870 Leslie Alley,Grantchester,Male,Warehouse worker,wmorgan@example.com,102843.0
8,667-08-4844,Blake Miller,41,9102 Joseph Shore Suite 552,Lake Cindyview,Male,Software Engineer,ztate@example.org,102843.0
9,101-65-8408,Mr. Keith Shepherd,44,50375 Nicole Points Suite 324,Palmerton,Female,Sales,dherrera@example.com,111729.0
10,849-29-6895,Kyle Orozco,52,4370 Andrade Wells Suite 501,West Mitchell,Male,Sales,jessica70@example.com,111729.0
11,074-57-2411,Todd Knapp,26,72974 Pena Locks,Saraport,Male,Warehouse worker,bwagner@example.net,102843.0
12,579-88-8139,Tiffany Brown,41,62996 Steven Expressway Apt. 408,Chungland,Female,Product Manager,moralespatricia@example.org,214543.0
13,302-74-9580,Jacob Mcguire,46,1402 Kyle Ridges Apt. 650,West Amber,Female,Software Engineer,michael32@example.org,102843.0
14,453-68-8369,Michael Parsons,24,90354 Julie Cliffs Apt. 763,South Laurenview,Female,Product Manager,williamsjohn@example.com,214543.0
15,606-21-5370,Marcus Skinner,51,9992 Washington Point Suite 009,Mullinsfort,Male,Quality Control,robert24@example.org,219689.0
16,371-25-9099,Leslie Leblanc,42,785 Coleman Brook,Andrewtown,Male,Data Scientist,andreapage@example.com,179313.0
17,672-57-1380,Nicole Cruz,59,38162 Byrd Crossroad Apt. 704,South Daniel,Female,Sales,angelortega@example.com,111729.0
18,355-11-1046,Jeremy Robinson,55,24512 Russo Inlet Apt. 473,Lake Sally,Male,Data Scientist,trevorcarroll@example.com,179313.0
19,357-65-5105,Todd Hill,53,22599 Thomas Points,South Wesleyland,Female,Warehouse worker,mark36@example.net,102843.0
20,042-31-9682,Nicholas Rowland,37,6299 Kevin Spur Apt. 254,Brownhaven,Female,Delivery,markruiz@example.net,46145.0
21,490-43-2323,Megan Valencia,28,668 Salazar Views,New Amy,Male,Warehouse worker,udyer@example.net,102843.0
22,842-54-9684,Geoffrey Elliott,54,19776 Clark Unions Suite 462,Millerberg,Male,Data Scientist,terryburch@example.net,179313.0
23,763-50-7237,Brett Robinson,32,763 Cardenas Mountain,Johnfort,Male,Delivery,dbrown@example.net,46145.0
24,455-75-7798,Erica Wallace,49,672 Nicholas Mall Apt. 466,North Heather,Male,Quality Control,milesstephanie@example.org,219689.0
25,037-84-2738,Stephen Scott,56,921 Berry Pine Apt. 463,Jacobland,Male,Software Engineer,achase@example.net,102843.0
26,305-30-9784,Stephanie Evans,48,747 Wood Locks Suite 634,Bradleychester,Female,Software Engineer,wyattpaul@example.org,102843.0
27,849-81-2189,Jon Taylor,45,245 Kathryn Club,Heatherview,Female,Warehouse worker,kelsey57@example.net,102843.0
28,629-83-2575,Madison Oliver,43,52220 Daniel Union Apt. 282,Katiefurt,Male,Product Manager,qsmith@example.net,214543.0
29,658-01-4497,Brian Ford,44,9015 Nicholas Island,Beanport,Female,Sales,dillon28@example.net,111729.0
30,084-83-9723,Ronnie Hart,57,21308 Davis Loaf,Justinfurt,Male,Product Manager,john46@example.org,214543.0
31,003-92-3910,Cole Mooney,40,29340 Anderson Plains Suite 928,South Mitchell,Male,Software Engineer,burnsamy@example.net,102843.0
32,646-27-7372,Kevin Barnett,27,3436 Miller Landing,Simschester,Male,Warehouse worker,holmespatricia@example.org,102843.0
33,242-29-1930,Stephen Brandt,29,5882 Small Terrace Suite 325,Leslieville,Female,Quality Control,michaelbennett@example.net,219689.0
34,838-06-1992,Linda Stewart MD,46,82105 Woods Island,Vaughanton,Female,Data Scientist,larrysnyder@example.org,179313.0
35,815-01-6419,Karen Fowler,46,900 Joan Camp,North Tricia,Male,Data Scientist,zhaney@example.net,179313.0
36,710-29-1695,Jane Farley,32,429 Kelly Ways,Lopezton,Female,Software Engineer,uchandler@example.com,102843.0
37,047-04-2286,John Brown,47,31317 May Station,West Angela,Male,Quality Control,catherinerodriguez@example.com,219689.0
38,290-73-6967,Christopher Smith,22,316 Joanne Roads Suite 626,East Michaelberg,Female,Data Scientist,drobertson@example.org,179313.0
39,667-30-4685,Molly Weaver,32,8171 Brown Corner Apt. 276,South Douglas,Female,Software Engineer,keith54@example.net,102843.0
40,374-06-1185,Tanya Pena,29,004 Donald Mountains,Lake Sarahton,Female,Data Scientist,kevin19@example.org,179313.0
41,873-90-2405,Janice Howell,49,31606 Brenda Burg,Port Steven,Male,Product Manager,william53@example.com,214543.0
42,499-64-1331,Michael Parker,34,134 Lang Gardens Apt. 373,Stevensonland,Male,Delivery,lopezsarah@example.com,46145.0
43,523-36-6809,Steven Stewart,40,331 Kim Extensions,Luismouth,Female,Product Manager,lisa29@example.net,214543.0
44,039-67-7284,Elizabeth Gibson,46,81002 Lisa Ford,South Catherine,Female,Delivery,christinaperez@example.com,46145.0
45,697-03-9983,Kimberly Chung,33,23223 Krista Fall,Codyview,Female,Software Engineer,donna74@example.com,102843.0
46,493-90-8830,Stephanie Joyce,43,858 Norton Street,South Cathyberg,Male,Data Scientist,hunterteresa@example.org,179313.0
47,310-17-7105,Jennifer Carter,58,337 Thompson Oval,Wongfort,Male,Data Scientist,andersonjessica@example.net,179313.0
48,334-37-4200,Dr. Cynthia Ramirez,47,039 James Track Suite 527,East Melaniehaven,Male,Product Manager,kempjay@example.net,214543.0
49,174-45-7358,Tina Lee,43,20233 Lynch Coves Suite 663,Lake Steventown,Female,Product Manager,rachel75@example.com,214543.0
50,367-12-0402,Cynthia Hanna,48,96222 Butler Inlet,Port Robert,Male,Sales,escobarmichael@example.com,111729.0
51,799-32-9213,John Wyatt,47,786 William Turnpike,Shafferport,Male,Quality Control,sheri63@example.com,219689.0
52,140-75-2855,Thomas Clark,58,3275 Booker Common,Edwardhaven,Female,Quality Control,james29@example.org,219689.0
53,822-50-2823,Michael Lewis,53,87886 Katherine Mission Suite 512,South Kendraville,Female,Delivery,robert51@example.org,46145.0
54,589-17-8677,Edward Perry,41,0921 Ronald Extensions Suite 762,Jeffreymouth,Female,Product Manager,jefferysingleton@example.org,214543.0
55,100-09-3445,Gina Hardy,47,7352 Annette Overpass Suite 549,New Tristanville,Male,Warehouse worker,goodmanchad@example.com,102843.0
56,503-41-2081,Laura Mejia,38,02208 Michele Ridge Suite 724,Patelchester,Male,Sales,brittney59@example.net,111729.0
57,016-15-7137,Brian Carrillo,29,431 Gutierrez Courts Suite 851,North Cynthia,Female,Delivery,april05@example.net,46145.0
58,747-32-0415,David Cox,27,4096 Anna Course Apt. 558,Makaylahaven,Female,Software Engineer,ghart@example.net,102843.0
59,528-12-3762,Jose Tyler,23,7468 Wanda Valley Apt. 318,New Raymond,Male,Quality Control,brandonhoward@example.org,219689.0
60,643-86-3614,Ronald Gomez,49,87064 Montoya Station,Lunamouth,Male,Software Engineer,christianramos@example.net,102843.0
61,611-15-2403,David Barrett,50,67355 Lin Ford,Lake Claire,Male,Data Scientist,tracy13@example.org,179313.0
62,562-09-2007,Joy Palmer,60,79693 Johnston Plains Suite 042,Lake Michael,Female,Delivery,jwilson@example.com,46145.0
63,765-68-0787,Jeffrey Davis,39,97465 Reed Vista,West Nicholas,Male,Warehouse worker,weavermartin@example.net,102843.0
64,243-76-4783,Makayla Roberts,36,90076 White Haven,North Tinafurt,Female,Sales,pbrown@example.org,111729.0
65,198-47-7868,Melissa Lucas,53,01551 Matthew Skyway,North Melinda,Female,Sales,portertodd@example.net,111729.0
66,478-87-3124,Benjamin Craig,51,24487 Kimberly Mountains Apt. 117,Amandamouth,Female,Product Manager,pshea@example.net,214543.0
67,729-91-4813,Lisa Cochran,43,77002 Scott Parks,Rodriguezhaven,Female,Sales,acarey@example.net,111729.0
68,583-18-0682,Joseph Scott,53,40509 Cole Park Suite 713,Romerobury,Female,Quality Control,sjohnson@example.net,219689.0
69,672-41-6402,Alexander Munoz,27,6873 Maldonado Knolls Apt. 470,East Michael,Male,Warehouse worker,kdiaz@example.com,102843.0
70,848-25-6224,Scott Miller,58,9837 Phillips Stravenue,Harrismouth,Female,Data Scientist,kgray@example.org,179313.0
71,536-32-2308,Maria Everett,27,338 Burns Drive,West Erik,Male,Product Manager,heather84@example.com,214543.0
72,394-84-8022,Angela Richards,26,3060 Barber Rest,Larsonfort,Male,Data Scientist,nathan25@example.org,179313.0
73,074-76-8892,Danielle Warren,34,005 Kevin Viaduct,North Michelle,Male,Warehouse worker,michellesanchez@example.net,102843.0
74,012-30-7458,Jessica Stone,24,0789 Troy Rapid,Garciafort,Female,Data Scientist,donnaspears@example.net,179313.0
75,257-69-8796,Ashley Moore,25,11540 White Forks Apt. 231,Lake Kevinland,Male,Software Engineer,sarahdaniel@example.net,102843.0
76,852-55-1324,Aaron Wright,38,92380 David Valley,Goodmanstad,Female,Delivery,alyssareese@example.net,46145.0
77,699-50-8208,April Carter,31,015 Butler Plaza Suite 200,Seanberg,Female,Quality Control,wallacejoshua@example.net,219689.0
78,662-28-0306,Don Anderson,30,05980 Taylor Prairie,Lake Michael,Female,Warehouse worker,rachelward@example.org,102843.0
79,384-69-1572,Edward Bennett,60,228 Cochran Crossroad,Richardsshire,Male,Sales,chandeborah@example.com,111729.0
80,725-27-6508,George Gutierrez,22,77599 Green Drive,Sarahmouth,Female,Warehouse worker,johnstonjennifer@example.net,102843.0
81,798-20-0514,Kristin Ramos,40,952 Martin Island Apt. 487,New Kimberlybury,Male,Sales,brianmoore@example.com,111729.0
82,810-06-4339,Christopher Ward,36,3509 Wood Extension,West Shane,Female,Warehouse worker,qmarquez@example.net,102843.0
83,601-93-3156,Jason Lee,21,1680 Thomas Mall Suite 319,Chrisberg,Male,Quality Control,erinbray@example.net,219689.0
84,051-55-5341,Alexandra Kane,47,9387 Casey Street Suite 862,Williamberg,Female,Delivery,michaeladams@example.org,46145.0
85,648-02-5533,Elizabeth Weiss,50,9941 Alyssa Views,Matthewsside,Female,Delivery,kennethzimmerman@example.org,46145.0
86,250-17-0584,Joseph Gross,42,535 Stephanie Station Apt. 091,Michaelport,Female,Warehouse worker,julie06@example.org,102843.0
87,234-88-2508,Ronald Davenport,39,8639 Reynolds Point,Lake Kathrynhaven,Female,Sales,mcphersonjuan@example.com,111729.0
88,455-17-2931,Michael Williams,53,97796 Morris Isle Suite 716,West Kennethfurt,Female,Warehouse worker,jamesphillips@example.net,102843.0
89,378-71-0977,Samantha Cabrera,50,3217 Hopkins Underpass Apt. 775,Jamesfort,Male,Delivery,robinsonlinda@example.com,46145.0
90,384-16-6623,Andrew Smith,52,920 George Radial Suite 823,Esteschester,Male,Sales,salexander@example.org,111729.0
91,757-36-2972,Kelsey Young,55,7061 Powell Junction,Duartebury,Male,Sales,floreslisa@example.org,111729.0
92,040-04-4672,Mr. Gregory Burns,22,9887 Kimberly Curve Apt. 572,South Garyberg,Female,Software Engineer,connerluke@example.org,102843.0
93,184-02-9186,Colin Carpenter,37,5490 Moore Trail Apt. 988,West Kristatown,Female,Software Engineer,jasonmontgomery@example.org,102843.0
94,713-85-5540,Michelle Fields,42,526 Kristen Brook,New Michaelborough,Female,Delivery,meyeramanda@example.org,46145.0
95,579-58-3074,Angela Decker,42,878 Reginald Flats Suite 021,Rileyfort,Female,Software Engineer,sabrinamarshall@example.org,102843.0
96,275-10-8008,Christine Knight,27,4201 Dylan Turnpike,East Katherine,Female,Sales,gevans@example.org,111729.0
97,384-65-1027,Lisa Monroe,60,9220 James Mission Suite 416,Matthewfort,Female,Data Scientist,lewischeryl@example.org,179313.0
98,529-99-8655,Justin Hall,38,80652 Gardner Hill,Parkerfurt,Male,Sales,karenhensley@example.org,111729.0
99,036-80-1208,Michele Gonzales,50,892 Michael Loop,South Emmaton,Female,Quality Control,pbennett@example.com,219689.0
100,402-90-6658,Yvette Berry,31,5563 Thomas Stravenue Suite 297,East Kristen,Female,Software Engineer,alexandrialopez@example.net,102843.0
101,406-68-6821,Jacob Garcia,42,993 Michael Skyway Apt. 522,North Lorimouth,Male,Software Engineer,trodgers@example.com,102843.0
102,196-55-2905,Jesse Rodgers,32,1246 Wood Springs,West Kimberly,Male,Quality Control,pgray@example.com,219689.0
103,254-17-1549,Tanya Contreras,46,530 Cox Islands Suite 239,Lake Evanchester,Male,Warehouse worker,bakersandra@example.com,102843.0
104,641-79-7203,Patrick Howell,39,459 Williams Shores Suite 240,North Amy,Male,Product Manager,danieldavis@example.org,214543.0
105,180-10-9140,Bradley Martinez,21,92786 Heather Pine,South Patriciachester,Female,Delivery,regina27@example.net,46145.0
106,811-78-7778,Alan Taylor,60,16725 Moore Via,New Joshua,Female,Product Manager,scottdouglas@example.net,214543.0
107,677-69-2991,Mr. Fernando Jackson,39,7905 Derek Forest Suite 175,Chadfurt,Female,Product Manager,ngarcia@example.org,214543.0
108,399-71-0020,Jennifer Evans,33,9686 Adkins Keys,Port Williamshire,Male,Sales,gamblekelly@example.net,111729.0
109,498-98-1381,Eric Hale,50,544 Charles Garden,West Jenniferland,Male,Data Scientist,whall@example.net,179313.0
110,790-56-9867,Jason Palmer,27,7265 Logan Station Suite 278,Nathanport,Female,Warehouse worker,michaelcolon@example.com,102843.0
111,549-05-5771,Edward Nichols,48,55614 John Ford Apt. 613,Jacobstad,Male,Warehouse worker,umendez@example.com,102843.0
112,027-25-8476,Sara Vincent,52,231 Vanessa Crossing Suite 296,South Nathanielchester,Male,Delivery,james55@example.com,46145.0
113,222-39-4857,Jessica Cooper,21,355 Jose Cliffs Suite 803,Madisonmouth,Female,Delivery,foxerik@example.net,46145.0
114,272-81-6928,Deborah Boyer,27,75209 Grant Station Apt. 650,New Vanessastad,Male,Product Manager,twilson@example.org,214543.0
115,747-91-3228,Reginald Smith,37,1911 Anthony Plaza,New Priscillaview,Female,Sales,julia23@example.net,111729.0
116,373-84-6550,Walter Gates,40,79706 Daniel Rue,New Stephanie,Male,Warehouse worker,ymartin@example.net,102843.0
117,611-46-4817,Shannon Grant,60,248 Cole Lakes,Melindahaven,Female,Data Scientist,catherinecontreras@example.org,179313.0
118,083-23-3786,Adam Washington,41,259 Yu Gardens Suite 465,Joneston,Male,Warehouse worker,nmitchell@example.org,102843.0
119,702-29-0203,James Rose,31,3872 Tyler Ridge,Franklinborough,Female,Product Manager,fmccall@example.com,214543.0
120,269-36-2692,Linda Anderson,40,48739 Fitzgerald Lakes Apt. 194,Lauramouth,Male,Software Engineer,blevinsclaire@example.org,102843.0
121,320-69-6593,Andrea Park,56,3351 Brandon Glen Suite 477,Hillhaven,Male,Data Scientist,wwood@example.com,179313.0
122,679-71-4248,Lisa Bruce,37,327 White Rest,Dianebury,Female,Warehouse worker,kelseygrimes@example.org,102843.0
123,369-31-8267,James Jones,36,6604 Juarez Plain,South Barbaraview,Male,Software Engineer,maryscott@example.net,102843.0
124,132-61-1478,Courtney Vargas,49,27489 Thompson Circle,Meganside,Female,Sales,tonyacobb@example.net,111729.0
125,872-16-0983,Breanna Lee,28,6679 Peters Lane Apt. 635,Heathchester,Female,Product Manager,priceashley@example.com,214543.0
126,618-46-2083,Kevin Bowen,25,210 Lee Wall,Reyesmouth,Male,Sales,dustin26@example.com,111729.0
127,717-07-3104,Amber Smith,30,756 Ellis Plaza,East Nicoleburgh,Female,Product Manager,lance51@example.net,214543.0
128,170-52-8634,Nathan Griffin,49,78058 Peter Parks,New Lawrence,Male,Quality Control,kaitlin46@example.com,219689.0
129,320-83-5702,Andrew Spears,51,732 Payne Rest Suite 383,Banksburgh,Female,Software Engineer,bradleybrooke@example.org,102843.0
130,495-44-7187,Alexander Allen,37,829 Madison Walk Apt. 066,East Shane,Male,Delivery,jacksonelizabeth@example.net,46145.0
131,731-30-5048,Anthony Friedman,57,1143 Aguilar Isle,Wrightburgh,Female,Product Manager,randallgrant@example.org,214543.0
132,423-91-5577,Miranda Taylor,26,69271 Porter Locks,West Elizabeth,Female,Delivery,schmidtjoshua@example.com,46145.0
133,006-35-1430,Jack Lopez,21,78993 Paige Causeway,Beckfurt,Male,Software Engineer,vickibrown@example.org,102843.0
134,616-54-7353,Susan Weeks,23,98232 Dillon Expressway,Sanchezfort,Female,Product Manager,urobinson@example.com,214543.0
135,200-43-1278,Jennifer Cox,44,021 David Walk,Lake Wendy,Female,Delivery,amyfrench@example.org,46145.0
136,119-01-2581,Dr. Laura Griffin,24,34768 Pitts Loaf,Kimberlystad,Female,Quality Control,xsutton@example.org,219689.0
137,419-69-2168,Angela Grimes,25,722 Alec Vista,Kellyton,Female,Quality Control,amyjones@example.org,219689.0
138,441-40-9616,Duane Ortega,30,133 Weiss Road,East Michelle,Female,Warehouse worker,brewertammy@example.com,102843.0
139,304-67-7636,Charles Alvarez,49,898 Martinez Forks,Port William,Male,Quality Control,haley85@example.net,219689.0
140,350-72-5056,Heather Wu,26,54329 Gina Isle,West Emily,Female,Product Manager,robertnoble@example.net,214543.0
141,844-42-4762,Kyle Hernandez,52,745 Green Corner,Lake Stevenhaven,Female,Warehouse worker,hartteresa@example.org,102843.0
142,340-58-8174,Karen Berry,27,1713 April Trafficway Apt. 090,Christopherview,Female,Product Manager,shawnjones@example.net,214543.0
143,407-47-2444,Heather Gilmore,27,856 Vazquez Pines Suite 002,Collinston,Female,Product Manager,wroman@example.net,214543.0
144,375-21-6338,Kathryn Wood,22,38941 Dixon Valleys,Hatfieldberg,Female,Product Manager,urobbins@example.net,214543.0
145,886-62-8686,David Campbell,37,11793 Darrell Green,Jessicafurt,Male,Sales,rbuckley@example.net,111729.0
146,373-02-7049,Christina Gallegos,60,334 Alvarez Isle Apt. 455,West Kenneth,Male,Quality Control,reeserandy@example.org,219689.0
147,118-14-4345,Sheila Richardson,21,722 Christopher Rapids Apt. 353,Mooreland,Male,Data Scientist,scottlam@example.org,179313.0
148,062-01-1384,Deborah Dillon,54,78323 Robinson Hollow,Zimmermanton,Female,Software Engineer,jjones@example.net,102843.0
149,269-20-2580,Bradley Johnson,59,6898 Lester Flat Suite 342,Lawsonland,Female,Delivery,kirsten54@example.com,46145.0
