,Unnamed: 0,product_id,supplier_id,supplier_price,maximum_retail_price,rating,product_name
0,0,BHZ-392,WYV-4875,1073.0,1287.6,3.6,WHITE HANGING HEART T-LIGHT HOLDER
1,1,NKS-231,NFZ-8029,7021.0,8425.199999999999,3.9,WHITE METAL LANTERN
2,2,KBS-393,GTW-973,8429.0,10114.8,3.5,CREAM CUPID HEARTS COAT HANGER
3,3,LYK-523,4XFM652,3849.0,4618.8,5.0,KNITTED UNION FLAG HOT WATER BOTTLE
4,4,UQE-848,7ESU165,9805.0,11766.0,3.4,RED WOOLLY HOTTIE WHITE HEART.
5,5,ZUE-571,2ERT568,8634.0,10360.8,4.2,SET 7 BABUSHKA NESTING BOXES
6,6,5EFI531,VFS-040,5865.0,7038.0,3.1,GLASS STAR FROSTED T-LIGHT HOLDER
7,7,7XUX992,ZQX-268,8193.0,9831.6,4.5,HAND WARMER UNION JACK
8,8,TRS-906,ZIY-578,4391.0,5269.2,3.8,HAND WARMER RED POLKA DOT
9,9,HXU-5605,4UQW264,6437.0,7724.4,2.7,ASSORTED COLOUR BIRD ORNAMENT
10,10,NJG-7465,2ERT568,9795.0,11754.0,2.7,POPPY'S PLAYHOUSE BEDROOM 
11,11,QKF-5525,JHM-8840,2937.0,3524.4,4.7,POPPY'S PLAYHOUSE KITCHEN
12,12,PFH-6958,XEZ-3832,8813.0,10575.6,2.2,FELTCRAFT PRINCESS CHARLOTTE DOLL
13,13,3WRE391,JXD-1213,9157.0,10988.4,3.3,IVORY KNITTED MUG COSY 
14,14,LDU-8309,DHX-191,8533.0,10239.6,2.8,BOX OF 6 ASSORTED COLOUR TEASPOONS
15,15,9QDB127,4CVC657,3278.0,3933.6,3.4,BOX OF VINTAGE JIGSAW BLOCKS 
16,16,4GPC934,JYC-9014,4228.0,5073.599999999999,2.1,BOX OF VINTAGE ALPHABET BLOCKS
17,17,IQH-251,QML-087,7028.0,8433.6,2.9,HOME BUILDING BLOCK WORD
18,18,LTS-1333,3WFX539,9408.0,11289.6,2.2,LOVE BUILDING BLOCK WORD
19,19,4KMU941,ZIY-578,2012.0,2414.4,4.6,RECIPE BOX WITH METAL HEART
20,20,AXX-697,XUE-668,3440.0,4128.0,3.7,DOORMAT NEW ENGLAND
21,21,CWU-2390,UKJ-141,7305.0,8766.0,4.3,JAM MAKING SET WITH JARS
22,22,LJZ-7278,WYV-4875,1496.0,1795.2,3.4,RED COAT RACK PARIS FASHION
23,23,9AIN193,XEZ-3832,1452.0,1742.4,3.7,YELLOW COAT RACK PARIS FASHION
24,24,RZL-9225,XUE-668,2617.0,3140.4,4.9,BLUE COAT RACK PARIS FASHION
25,25,9ZUH279,MEI-2677,3682.0,4418.4,2.9,BATH BUILDING BLOCK WORD
26,26,PCW-069,UKJ-141,8745.0,10494.0,3.3,ALARM CLOCK BAKELIKE PINK
27,27,CNQ-267,JXD-1213,5209.0,6250.8,4.0,ALARM CLOCK BAKELIKE RED 
28,28,OSM-840,YEC-3149,3223.0,3867.6,4.2,ALARM CLOCK BAKELIKE GREEN
29,29,BLK-6830,DBG-7795,6794.0,8152.799999999999,2.6,PANDA AND BUNNIES STICKER SHEET
30,30,EWU-601,DHX-191,9754.0,11704.8,4.7,STARS GIFT TAPE 
31,31,7FUF753,4JYG488,6637.0,7964.4,2.8,INFLATABLE POLITICAL GLOBE 
32,32,MRP-493,8NOJ889,2153.0,2583.6,4.2,VINTAGE HEADS AND TAILS CARD GAME 
33,33,8GZJ481,HEV-0006,6381.0,7657.2,4.8,SET/2 RED RETROSPOT TEA TOWELS 
34,34,UFN-743,3ZRN516,6473.0,7767.599999999999,2.0,ROUND SNACK BOXES SET OF4 WOODLAND 
35,35,QQE-126,ZQX-268,1851.0,2221.2,3.3,SPACEBOY LUNCH BOX 
36,36,9YHK819,AJQ-7252,2552.0,3062.4,2.7,LUNCH BOX I LOVE LONDON
37,37,3YLV581,NFZ-8029,5145.0,6174.0,3.7,CIRCUS PARADE LUNCH BOX 
38,38,1SCE895,XEZ-3832,7353.0,8823.6,4.7,CHARLOTTE BAG DOLLY GIRL DESIGN
39,39,XLK-4758,6PWM699,8867.0,10640.4,2.2,RED TOADSTOOL LED NIGHT LIGHT
40,40,ZSV-0620,XUE-668,8184.0,9820.8,3.5, SET 2 TEA TOWELS I LOVE LONDON 
41,41,9ZRF128,7OZS975,9695.0,11634.0,3.3,VINTAGE SEASIDE JIGSAW PUZZLES
42,42,GMD-878,KKW-046,4925.0,5910.0,2.0,MINI JIGSAW CIRCUS PARADE 
43,43,YIC-210,TRN-832,5980.0,7176.0,3.9,MINI JIGSAW SPACEBOY
44,44,8VIJ722,DDE-498,9236.0,11083.2,3.2,MINI PAINT SET VINTAGE 
45,45,MBY-6616,CRQ-6453,9827.0,11792.4,2.5,POSTAGE
46,46,TAL-535,ZZE-9916,6755.0,8106.0,3.6,PAPER CHAIN KIT 50'S CHRISTMAS 
47,47,EOL-065,6OZZ475,7291.0,8749.199999999999,2.3,HAND WARMER RED POLKA DOT
48,48,5JHR467,MVY-694,7347.0,8816.4,2.6,HAND WARMER UNION JACK
49,49,8WKR945,AOE-3526,4946.0,5935.2,4.9,WHITE HANGING HEART T-LIGHT HOLDER
50,50,XQX-291,4XFM652,9877.0,11852.4,3.5,WHITE METAL LANTERN
51,51,MTA-757,ASW-1181,3902.0,4682.4,3.7,CREAM CUPID HEARTS COAT HANGER
52,52,LVQ-201,3DTQ784,7229.0,8674.8,3.5,EDWARDIAN PARASOL RED
53,53,ZMU-198,VFS-040,9783.0,11739.6,3.8,RETRO COFFEE MUGS ASSORTED
54,54,DMR-886,JTE-074,8263.0,9915.6,3.0,SAVE THE PLANET MUG
55,55,5XAP389,MVY-694,1894.0,2272.8,5.0,VINTAGE BILLBOARD DRINK ME MUG
56,56,JZY-088,VVE-266,806.0,967.2,4.6,VINTAGE BILLBOARD LOVE/HATE MUG
57,57,7RHV294,XEZ-3832,7347.0,8816.4,4.3,WOOD 2 DRAWER CABINET WHITE FINISH
58,58,UZI-9753,ILF-3232,9080.0,10896.0,2.1,WOOD S/3 CABINET ANT WHITE FINISH
59,59,4CGS412,UMS-3402,7769.0,9322.8,4.6,WOODEN PICTURE FRAME WHITE FINISH
60,60,WBH-0411,RPP-443,9218.0,11061.6,2.8,WOODEN FRAME ANTIQUE WHITE 
61,61,OJZ-062,ASW-1181,8879.0,10654.8,3.8,KNITTED UNION FLAG HOT WATER BOTTLE
62,62,ZCO-877,DHX-191,4946.0,5935.2,4.6,RED WOOLLY HOTTIE WHITE HEART.
63,63,6NLK834,TRN-832,5915.0,7098.0,4.6,SET 7 BABUSHKA NESTING BOXES
64,64,ESJ-9474,4XFM652,7396.0,8875.199999999999,4.1,GLASS STAR FROSTED T-LIGHT HOLDER
65,65,EDZ-3040,ASW-1181,3275.0,3930.0,3.2,VICTORIAN SEWING BOX LARGE
66,66,SOK-6938,DDE-498,3486.0,4183.2,2.6,WHITE HANGING HEART T-LIGHT HOLDER
67,67,3AVS131,4XFM652,4904.0,5884.8,3.1,WHITE METAL LANTERN
68,68,2FKI933,VFS-040,7449.0,8938.8,3.2,CREAM CUPID HEARTS COAT HANGER
69,69,8KHA922,OAB-4555,3004.0,3604.8,3.2,EDWARDIAN PARASOL RED
70,70,RVC-4817,JGZ-4842,9390.0,11268.0,4.8,RETRO COFFEE MUGS ASSORTED
71,71,HZJ-032,XJZ-214,6016.0,7219.2,4.3,SAVE THE PLANET MUG
72,72,8SBH732,GTW-973,1160.0,1392.0,4.3,VINTAGE BILLBOARD DRINK ME MUG
73,73,4XAN168,JTE-074,9175.0,11010.0,4.4,VINTAGE BILLBOARD LOVE/HATE MUG
74,74,WDK-788,HEV-0006,7828.0,9393.6,2.9,WOOD 2 DRAWER CABINET WHITE FINISH
75,75,QCJ-214,ISZ-033,1707.0,2048.4,3.6,WOOD S/3 CABINET ANT WHITE FINISH
76,76,EDV-8019,GTW-973,756.0,907.2,2.6,WOODEN PICTURE FRAME WHITE FINISH
77,77,DMX-890,TRH-717,9842.0,11810.4,4.0,WOODEN FRAME ANTIQUE WHITE 
78,78,PGX-3091,3WFX539,2357.0,2828.4,2.4,KNITTED UNION FLAG HOT WATER BOTTLE
79,79,4VVW841,9NPV696,753.0,903.6,3.3,RED WOOLLY HOTTIE WHITE HEART.
80,80,9NMV336,PRT-227,5494.0,6592.8,3.8,SET 7 BABUSHKA NESTING BOXES
81,81,ZQL-4277,ORV-636,9014.0,10816.8,3.8,GLASS STAR FROSTED T-LIGHT HOLDER
82,82,IWG-824,JXD-1213,1782.0,2138.4,4.5,HOT WATER BOTTLE TEA AND SYMPATHY
83,83,8YTQ152,FRY-600,2414.0,2896.8,3.4,RED HANGING HEART T-LIGHT HOLDER
84,84,TFO-290,XST-2619,1379.0,1654.8,4.0,HAND WARMER RED POLKA DOT
85,85,TXW-102,JXD-1213,2317.0,2780.4,3.7,HAND WARMER UNION JACK
86,86,WXU-1709,GTW-973,506.0,607.1999999999999,4.6,JUMBO BAG PINK POLKADOT
87,87,CPI-157,HWR-9762,4101.0,4921.2,3.1,JUMBO  BAG BAROQUE BLACK WHITE
88,88,NEV-241,MVY-694,701.0,841.1999999999999,3.0,JUMBO BAG CHARLIE AND LOLA TOYS
89,89,GSV-1251,8CVT954,7087.0,8504.4,3.0,STRAWBERRY CHARLOTTE BAG
90,90,2GVA388,AOE-3526,532.0,638.4,3.7,RED 3 PIECE RETROSPOT CUTLERY SET
91,91,XRA-566,8CVT954,6977.0,8372.4,2.5,BLUE 3 PIECE POLKADOT CUTLERY SET
92,92,4IFG672,GPJ-9339,7262.0,8714.4,4.0,SET/6 RED SPOTTY PAPER PLATES
93,93,2QUO378,3DTQ784,7240.0,8688.0,3.2,LUNCH BAG RED RETROSPOT
94,94,GYY-1902,KKW-046,5458.0,6549.599999999999,2.9,STRAWBERRY LUNCH BOX WITH CUTLERY
95,95,2UKP945,5QNX725,752.0,902.4,4.5,LUNCH BOX WITH CUTLERY RETROSPOT 
96,96,AST-776,5ENX652,841.0,1009.2,2.0,PACK OF 72 RETROSPOT CAKE CASES
97,97,ROV-823,VBJ-7584,4897.0,5876.4,2.7,PACK OF 60 DINOSAUR CAKE CASES
98,98,8DAB592,ISZ-033,5589.0,6706.8,2.5,PACK OF 60 PINK PAISLEY CAKE CASES
99,99,XLL-9100,FRY-600,1281.0,1537.2,2.1,60 TEATIME FAIRY CAKE CASES
100,100,BPO-952,OLN-592,5028.0,6033.599999999999,2.6,TOMATO CHARLIE+LOLA COASTER SET
101,101,ZOW-138,6FWE749,8269.0,9922.8,2.5,CHARLIE & LOLA WASTEPAPER BIN FLORA
102,102,SCH-093,MEI-2677,5124.0,6148.8,4.4,RED CHARLIE+LOLA PERSONAL DOORSIGN
103,103,NNC-469,HEV-0006,1744.0,2092.8,2.6,JUMBO STORAGE BAG SUKI
104,104,SQC-824,ZCO-1967,8996.0,10795.2,3.8,JUMBO BAG PINK VINTAGE PAISLEY
105,105,VCU-329,PRT-227,3158.0,3789.6,4.0,JAM MAKING SET PRINTED
106,106,IRE-345,ISZ-033,3935.0,4722.0,4.6,RETROSPOT TEA SET CERAMIC 11 PC 
107,107,MCD-243,MFM-5846,9636.0,11563.2,4.0,GIRLY PINK TOOL SET
108,108,1EGY839,6HVY869,1431.0,1717.2,3.2,JUMBO SHOPPER VINTAGE RED PAISLEY
109,109,SVA-122,6FWE749,3039.0,3646.8,2.9,"AIRLINE LOUNGE,METAL SIGN"
110,110,1CAM376,CVO-898,4222.0,5066.4,4.0,WHITE SPOT RED CERAMIC DRAWER KNOB
111,111,NLO-9907,8LSQ921,5118.0,6141.599999999999,2.2,RED DRAWER KNOB ACRYLIC EDWARDIAN
112,112,NNR-7218,XEZ-3832,5903.0,7083.599999999999,3.8,CLEAR DRAWER KNOB ACRYLIC EDWARDIAN
113,113,MQV-298,NRR-778,8810.0,10572.0,4.3,PHOTO CLIP LINE
114,114,7TBV437,AOE-3526,6635.0,7962.0,4.8,FELT EGG COSY CHICKEN
115,115,5LBO147,6FWE749,9421.0,11305.2,2.1,PIGGY BANK RETROSPOT 
116,116,PRP-8186,YEC-3149,2524.0,3028.8,4.4,SKULL SHOULDER BAG
117,117,HBL-7359,ISZ-033,2579.0,3094.8,3.2,YOU'RE CONFUSING ME METAL SIGN 
118,118,CBY-973,OAB-4555,3514.0,4216.8,4.6,COOK WITH WINE METAL SIGN 
119,119,WCA-8315,YEC-3149,7787.0,9344.4,4.0,GIN + TONIC DIET METAL SIGN
120,120,GJE-695,OAB-4555,5782.0,6938.4,3.5,YELLOW BREAKFAST CUP AND SAUCER
121,121,QDN-1017,4UQW264,4108.0,4929.599999999999,4.2,PINK BREAKFAST CUP AND SAUCER 
122,122,PXC-743,3BNM221,6091.0,7309.2,3.6,PAPER CHAIN KIT 50'S CHRISTMAS 
123,123,MAP-588,8ZVZ443,5518.0,6621.599999999999,4.2,PAPER CHAIN KIT RETROSPOT
124,124,2JGW184,KYG-720,7033.0,8439.6,4.3,SMALL HEART FLOWERS HOOK 
125,125,8CYJ797,VMY-984,844.0,1012.8,4.9,PHOTO CLIP LINE
126,126,XYZ-5815,KKW-046,6431.0,7717.2,5.0,TEA TIME DES TEA COSY
127,127,AKX-169,5FRL257,4851.0,5821.2,3.5,FELT EGG COSY WHITE RABBIT 
128,128,BGH-026,4CVC657,5705.0,6846.0,3.8,ZINC WILLIE WINKIE  CANDLE STICK
129,129,SNE-7212,ZZE-9916,872.0,1046.4,2.4,CERAMIC CHERRY CAKE MONEY BANK
130,130,GJQ-942,4JYG488,5772.0,6926.4,3.9,RETROSPOT LARGE MILK JUG
131,131,6JFO144,DBG-7795,2790.0,3348.0,2.9,SET OF 6 FUNKY BEAKERS
132,132,OPJ-5090,6FWE749,2995.0,3594.0,4.8,EDWARDIAN PARASOL BLACK
133,133,HRQ-604,9LTQ832,5960.0,7152.0,4.5,EDWARDIAN PARASOL NATURAL
134,134,HXG-9207,KYG-720,5465.0,6558.0,4.6,CERAMIC STRAWBERRY CAKE MONEY BANK
135,135,CQZ-307,WYV-4875,8157.0,9788.4,4.5,BLUE OWL SOFT TOY
136,136,SNT-4305,4JYG488,3102.0,3722.4,4.2,BALLOON ART MAKE YOUR OWN FLOWERS
137,137,HNN-1782,4XFM652,9445.0,11334.0,3.3,RED TOADSTOOL LED NIGHT LIGHT
138,138,8ZCK792,MEI-2677,6129.0,7354.8,3.2,GLASS CLOCHE SMALL
139,139,PFI-2425,TRH-717,9565.0,11478.0,4.0,GUMBALL MONOCHROME COAT RACK
140,140,TCB-4402,ZZE-9916,1562.0,1874.4,3.1,DOORMAT FANCY FONT HOME SWEET HOME
141,141,BUU-6950,TRH-717,6616.0,7939.2,3.9,Discount
142,142,5JYJ223,MVY-694,1333.0,1599.6,3.6,INFLATABLE POLITICAL GLOBE 
143,143,CCF-525,3WFX539,809.0,970.8,4.9,VINTAGE SNAKES & LADDERS
144,144,6MTB546,ZCO-1967,6227.0,7472.4,4.6,CHOCOLATE CALCULATOR
145,145,3WPC582,TAP-576,6078.0,7293.599999999999,3.2,JUMBO SHOPPER VINTAGE RED PAISLEY
146,146,GRW-9915,3FEL274,2221.0,2665.2,3.2,RECYCLING BAG RETROSPOT 
147,147,AZY-6927,HEV-0006,8614.0,10336.8,3.6,TOY TIDY PINK POLKADOT
148,148,9DGF238,AJQ-7252,3638.0,4365.599999999999,2.8,ANTIQUE GLASS DRESSING TABLE POT
149,149,YGA-5401,DDE-498,4519.0,5422.8,2.1,ALARM CLOCK BAKELIKE GREEN
150,150,8OOK938,JTE-074,8898.0,10677.6,2.8,IVORY GIANT GARDEN THERMOMETER
151,151,KYP-751,ISZ-033,862.0,1034.4,4.0,3 TIER CAKE TIN GREEN AND CREAM
152,152,FKL-858,3BNM221,3440.0,4128.0,4.5,3 TIER CAKE TIN RED AND CREAM
153,153,NKW-812,OAB-4555,8663.0,10395.6,3.4,SET 3 WICKER OVAL BASKETS W LIDS
154,154,5GSZ143,CVO-898,7381.0,8857.199999999999,3.5,SET OF 3 COLOURED  FLYING DUCKS
155,155,FSG-715,UMS-3402,5990.0,7188.0,3.2,WOOD BLACK BOARD ANT WHITE FINISH
156,156,TIA-6829,5QNX725,1490.0,1788.0,2.9,COLOUR GLASS T-LIGHT HOLDER HANGING
157,157,FZG-8483,6PWM699,9097.0,10916.4,3.7,HANGING METAL HEART LANTERN
158,158,CWO-333,7ESU165,5617.0,6740.4,2.1,HANGING MEDINA LANTERN SMALL
159,159,JFD-860,OLN-592,1092.0,1310.4,2.5,NATURAL SLATE HEART CHALKBOARD 
160,160,2UMR145,1RXE487,5828.0,6993.599999999999,2.7,HEART OF WICKER SMALL
161,161,8BGW222,4JYG488,4389.0,5266.8,4.6,HEART OF WICKER LARGE
162,162,ZWU-348,JTE-074,8222.0,9866.4,3.5,WHITE LOVEBIRD LANTERN
163,163,DYK-689,OLN-592,7399.0,8878.8,2.6,CLASSIC METAL BIRDCAGE PLANT HOLDER
164,164,HUU-886,1WEJ513,3643.0,4371.599999999999,3.2,CREAM HEART CARD HOLDER
165,165,6HJZ174,ZQX-268,701.0,841.1999999999999,3.1,ENAMEL FLOWER JUG CREAM
166,166,NSP-348,JTE-074,9501.0,11401.2,3.5,ENAMEL FIRE BUCKET CREAM
167,167,3MNO761,AUY-5858,3316.0,3979.2,5.0,ENAMEL BREAD BIN CREAM
168,168,3NXS669,JXD-1213,6192.0,7430.4,4.4,SET 3 WICKER OVAL BASKETS W LIDS
169,169,QTY-5639,6PWM699,5716.0,6859.2,2.0,JAM MAKING SET PRINTED
170,170,JQV-5970,ILF-3232,5792.0,6950.4,4.2,JAM MAKING SET WITH JARS
171,171,APC-6927,ZCO-1967,6014.0,7216.8,3.3,JUMBO BAG DOLLY GIRL DESIGN
172,172,MJV-323,HEV-0006,2573.0,3087.6,2.1,TRADITIONAL CHRISTMAS RIBBONS
173,173,2OTP787,7ESU165,3931.0,4717.2,3.5,ORGANISER WOOD ANTIQUE WHITE 
174,174,CHW-035,OPF-7631,2180.0,2616.0,4.3,LUNCH BAG DOLLY GIRL DESIGN
175,175,1WEE263,PEX-377,1123.0,1347.6,4.1,WHITE WIRE EGG HOLDER
176,176,6IMU961,1WEJ513,5572.0,6686.4,4.1,JUMBO  BAG BAROQUE BLACK WHITE
177,177,9HGQ815,ILF-3232,8003.0,9603.6,3.8,JUMBO BAG RED RETROSPOT
178,178,GBY-021,6FWE749,3721.0,4465.2,4.8,CHILLI LIGHTS
179,179,6VZC811,8LSQ921,950.0,1140.0,2.3,LIGHT GARLAND BUTTERFILES PINK
180,180,BJH-0580,TSX-7935,8636.0,10363.2,4.6,WOODEN OWLS LIGHT GARLAND 
181,181,9PAX674,HEV-0006,3627.0,4352.4,4.8,FAIRY TALE COTTAGE NIGHTLIGHT
182,182,DNV-2093,POP-498,7502.0,9002.4,2.3,RED TOADSTOOL LED NIGHT LIGHT
183,183,GBR-5763,6FWE749,8582.0,10298.4,4.5,HOME BUILDING BLOCK WORD
184,184,UOH-3618,6HVY869,4642.0,5570.4,3.1,LOVE BUILDING BLOCK WORD
185,185,OSC-084,6OZZ475,3464.0,4156.8,4.8,DOORMAT FANCY FONT HOME SWEET HOME
186,186,MSC-888,JYC-9014,6982.0,8378.4,3.4,HOME SMALL WOOD LETTERS
187,187,5CES775,1KKA942,9294.0,11152.8,4.9,GINGHAM HEART  DOORSTOP RED
188,188,CUC-068,UMS-3402,8659.0,10390.8,2.6,FIVE HEART HANGING DECORATION
189,189,BEC-4915,2FLK744,2012.0,2414.4,2.2,HANGING METAL HEART LANTERN
190,190,3TER453,YEC-3149,8268.0,9921.6,3.3,ASSORTED BOTTLE TOP  MAGNETS 
191,191,KHL-971,XEZ-3832,9846.0,11815.2,2.9,FRIDGE MAGNETS US DINER ASSORTED
192,192,5URB693,HRJ-128,5267.0,6320.4,2.1,HOMEMADE JAM SCENTED CANDLES
193,193,7FHY275,5ENX652,4981.0,5977.2,3.1,FRIDGE MAGNETS LES ENFANTS ASSORTED
194,194,NJR-049,ZCO-1967,2290.0,2748.0,3.8,ROSE CARAVAN DOORSTOP
195,195,KAL-809,GTW-973,7498.0,8997.6,2.9,HEART OF WICKER SMALL
196,196,TXM-7694,4UQW264,1243.0,1491.6,2.8,5 HOOK HANGER MAGIC TOADSTOOL
197,197,BMZ-888,8NOJ889,2245.0,2694.0,3.0,CHRISTMAS LIGHTS 10 REINDEER
198,198,LLZ-031,CRQ-6453,6689.0,8026.799999999999,4.2,VINTAGE UNION JACK CUSHION COVER
199,199,RLZ-138,5QNX725,9001.0,10801.2,2.0,VINTAGE HEADS AND TAILS CARD GAME 
200,200,QMD-8458,JHM-8840,4350.0,5220.0,3.2,SET OF 3 COLOURED  FLYING DUCKS
201,201,AUN-2782,KKW-046,1815.0,2178.0,3.3,SET OF 3 GOLD FLYING DUCKS
202,202,3TST173,PRT-227,2573.0,3087.6,3.6,RED RETROSPOT UMBRELLA
203,203,1VEV341,RUS-9021,3882.0,4658.4,2.2,BLACK/BLUE POLKADOT UMBRELLA
204,204,1BSR122,GPJ-9339,7897.0,9476.4,2.7,RED DINER WALL CLOCK
205,205,TLV-714,6HVY869,8395.0,10074.0,2.8,ALARM CLOCK BAKELIKE GREEN
206,206,AII-026,AUY-5858,8376.0,10051.2,4.5,ALARM CLOCK BAKELIKE RED 
207,207,UVS-6217,YVU-5450,3807.0,4568.4,4.4,BLUE DINER WALL CLOCK
208,208,LKZ-036,YEC-3149,2314.0,2776.8,3.1,IVORY DINER WALL CLOCK
209,209,FKG-787,TSX-7935,6714.0,8056.799999999999,3.1,LARGE HEART MEASURING SPOONS
210,210,XNA-059,POP-498,789.0,946.8,2.4,SMALL HEART MEASURING SPOONS
211,211,1GBO757,UKJ-141,6799.0,8158.799999999999,4.9,CHRISTMAS LIGHTS 10 REINDEER
212,212,5FVN328,YEC-3149,9380.0,11256.0,3.9,JAM MAKING SET WITH JARS
213,213,NQM-2694,ORV-636,8382.0,10058.4,2.4,JAM MAKING SET PRINTED
214,214,8WOD376,HWR-9762,1239.0,1486.8,3.3,JAM JAR WITH PINK LID
215,215,LQY-1246,TRH-717,6512.0,7814.4,3.3,JAM JAR WITH GREEN LID
216,216,9YAQ246,8ZVZ443,7838.0,9405.6,2.6,ROSE COTTAGE KEEPSAKE BOX 
217,217,5GEZ233,PRT-227,2359.0,2830.8,3.1,HANGING HEART ZINC T-LIGHT HOLDER
218,218,ZFK-2204,ZCO-1967,6295.0,7554.0,5.0,PAPER CHAIN KIT VINTAGE CHRISTMAS
219,219,UXW-299,2ERT568,1107.0,1328.4,2.1,DISCO BALL CHRISTMAS DECORATION
220,220,FRJ-2235,JTE-074,733.0,879.6,3.0,WHITE HANGING HEART T-LIGHT HOLDER
221,221,4DVY421,YOL-4245,8118.0,9741.6,4.3,SMALL POPCORN HOLDER
222,222,JYT-0592,4CVC657,9832.0,11798.4,4.9,LARGE POPCORN HOLDER 
223,223,MRY-728,DBG-7795,4402.0,5282.4,3.6,RETROSPOT LARGE MILK JUG
224,224,UIO-6579,OLN-592,7635.0,9162.0,4.7,SET/20 RED RETROSPOT PAPER NAPKINS 
225,225,5QLW677,CRQ-6453,5312.0,6374.4,4.4,SET/6 RED SPOTTY PAPER PLATES
226,226,4XYM451,8NOJ889,9907.0,11888.4,2.9,SET/6 RED SPOTTY PAPER CUPS
227,227,PXP-8969,DHX-191,5826.0,6991.2,4.6,POLKADOT RAIN HAT 
228,228,ZIZ-325,UKJ-141,7929.0,9514.8,2.2,DELUXE SEWING KIT 
229,229,MRK-7885,ZZE-9916,6351.0,7621.2,3.4,RETROSPOT HEART HOT WATER BOTTLE
230,230,ASA-3857,CVO-898,1388.0,1665.6,4.5,KNITTED UNION FLAG HOT WATER BOTTLE
231,231,7UWH714,GTW-973,7758.0,9309.6,4.2,ENGLISH ROSE HOT WATER BOTTLE
232,232,JNO-7622,7OZS975,2797.0,3356.4,3.7,PHOTO CUBE
233,233,VZU-2080,WYV-4875,5807.0,6968.4,4.1,HOMEMADE JAM SCENTED CANDLES
234,234,ITJ-991,OAB-4555,8093.0,9711.6,4.0,JUMBO BAG RED RETROSPOT
235,235,5LQR418,3ZRN516,7820.0,9384.0,2.1,PLASTERS IN TIN CIRCUS PARADE 
236,236,2HVM893,KRH-040,4319.0,5182.8,3.6,PACK OF 12 PINK PAISLEY TISSUES 
237,237,HAM-1131,ORV-636,8615.0,10338.0,4.6,PACK OF 12 BLUE PAISLEY TISSUES 
238,238,4FZL159,XST-2619,2178.0,2613.6,3.0,PACK OF 12 RED RETROSPOT TISSUES 
239,239,MLV-1683,JHM-8840,1501.0,1801.2,2.2,CHICK GREY HOT WATER BOTTLE
240,240,YIQ-3560,3GGT141,4368.0,5241.599999999999,3.3,PLASTERS IN TIN VINTAGE PAISLEY 
241,241,JWY-233,JHM-8840,4396.0,5275.2,3.7,PLASTERS IN TIN SKULLS
242,242,3IXL521,6PWM699,4682.0,5618.4,3.3,3 STRIPEY MICE FELTCRAFT
243,243,BEW-5360,NXY-8313,1093.0,1311.6,3.2,SET OF 6 SOLDIER SKITTLES
244,244,ZBE-788,RUS-9021,9332.0,11198.4,2.1,TRADITIONAL WOODEN SKIPPING ROPE
245,245,FSI-4568,9LTQ832,3271.0,3925.2,4.1,WOODEN BOX OF DOMINOES
246,246,2KNN137,UMS-3402,9042.0,10850.4,3.7,RUSTIC  SEVENTEEN DRAWER SIDEBOARD
247,247,SHE-2945,UMS-3402,4284.0,5140.8,2.7,PARTY CONES CARNIVAL ASSORTED
248,248,CQV-617,2FLK744,3535.0,4242.0,3.5,PARTY CONES CANDY ASSORTED
249,249,HHR-7376,CRQ-6453,4331.0,5197.2,2.4,PICNIC BASKET WICKER SMALL
250,250,OMT-2231,1RXE487,4429.0,5314.8,2.3,ASSORTED COLOUR BIRD ORNAMENT
251,251,4ROC528,DHX-191,9018.0,10821.6,4.1,STAR DECORATION PAINTED ZINC 
252,252,MJH-042,JHM-8840,9044.0,10852.8,3.5,RETROSPOT LAMP
253,253,WAN-3992,JYC-9014,4334.0,5200.8,3.3,"FANCY FONT BIRTHDAY CARD, "
254,254,2VLL455,9LTQ832,1010.0,1212.0,4.9,HAND WARMER UNION JACK
255,255,IXN-338,9NPV696,3843.0,4611.599999999999,2.4,HAND WARMER SCOTTY DOG DESIGN
256,256,NZG-6931,AUY-5858,8434.0,10120.8,3.8,HAND WARMER OWL DESIGN
257,257,3BCA674,MVY-694,2358.0,2829.6,3.3,HAND WARMER RED RETROSPOT
258,258,UJJ-805,YVU-5450,6594.0,7912.799999999999,2.5,RETROSPOT HEART HOT WATER BOTTLE
259,259,MRD-1378,9NPV696,1173.0,1407.6,4.5,DOG BOWL CHASING BALL DESIGN
260,260,RPB-244,NFZ-8029,8765.0,10518.0,3.3,CLOTHES PEGS RETROSPOT PACK 24 
261,261,SBI-578,KRH-040,8969.0,10762.8,2.0,HAND OVER THE CHOCOLATE   SIGN 
262,262,4FWW196,VFS-040,2040.0,2448.0,3.6,WHITE HANGING HEART T-LIGHT HOLDER
263,263,ILY-054,GPJ-9339,3302.0,3962.4,3.2,TRAVEL SEWING KIT
264,264,EIA-9367,VFS-040,3085.0,3702.0,2.9,BLACK HEART CARD HOLDER
265,265,DBP-924,1KKA942,6029.0,7234.8,3.1,ASSORTED COLOUR BIRD ORNAMENT
266,266,LBE-278,KRH-040,1933.0,2319.6,4.6,PACK OF 60 PINK PAISLEY CAKE CASES
267,267,OXB-662,KKW-046,6167.0,7400.4,4.6,60 TEATIME FAIRY CAKE CASES
268,268,GKK-337,NFZ-8029,3629.0,4354.8,3.7,PACK OF 72 RETROSPOT CAKE CASES
269,269,JQO-755,9NPV696,2887.0,3464.4,3.8,CHICK GREY HOT WATER BOTTLE
270,270,2RQJ911,6FWE749,4085.0,4902.0,4.0,SMALL GLASS HEART TRINKET POT
271,271,PAJ-923,AOE-3526,5019.0,6022.8,4.5,ALARM CLOCK BAKELIKE IVORY
272,272,2KJE131,JTE-074,6444.0,7732.799999999999,3.9,ALARM CLOCK BAKELIKE RED 
273,273,OHT-8309,7OZS975,8409.0,10090.8,3.9,ALARM CLOCK BAKELIKE ORANGE
274,274,VNO-1097,3WFX539,9503.0,11403.6,3.8,ALARM CLOCK BAKELIKE GREEN
275,275,3IHY293,7ESU165,7288.0,8745.6,3.5,HOT WATER BOTTLE TEA AND SYMPATHY
276,276,ZIR-756,4MFL133,9982.0,11978.4,2.6,HAND WARMER BIRD DESIGN
277,277,PNU-569,UKJ-141,1294.0,1552.8,4.2,HAND WARMER SCOTTY DOG DESIGN
278,278,6YRD189,YEC-3149,4481.0,5377.2,2.3,WHITE HANGING HEART T-LIGHT HOLDER
279,279,5XII841,XJZ-214,1393.0,1671.6,4.5,WHITE METAL LANTERN
280,280,DDL-2421,5FRL257,6985.0,8382.0,2.5,CREAM CUPID HEARTS COAT HANGER
281,281,HKD-2628,8NOJ889,897.0,1076.4,4.6,EDWARDIAN PARASOL BLACK
282,282,9UHH449,HRJ-128,6162.0,7394.4,3.7,EDWARDIAN PARASOL RED
283,283,WEN-665,OAB-4555,5054.0,6064.8,3.7,RETRO COFFEE MUGS ASSORTED
284,284,1LMQ472,3DTQ784,9980.0,11976.0,4.9,SAVE THE PLANET MUG
285,285,USV-2151,5FRL257,6724.0,8068.799999999999,4.3,VINTAGE BILLBOARD DRINK ME MUG
286,286,LSV-5087,MVY-694,4164.0,4996.8,4.4,VINTAGE BILLBOARD LOVE/HATE MUG
287,287,NQZ-1792,RUS-9021,4336.0,5203.2,2.4,WOOD 2 DRAWER CABINET WHITE FINISH
288,288,EMZ-2289,TRN-832,6797.0,8156.4,2.5,WOOD S/3 CABINET ANT WHITE FINISH
289,289,3OHM758,KYG-720,2475.0,2970.0,4.6,WOODEN PICTURE FRAME WHITE FINISH
290,290,1ANO668,VMY-984,793.0,951.6,2.7,WOODEN FRAME ANTIQUE WHITE 
291,291,5UFD886,MFM-5846,5053.0,6063.599999999999,2.6,KNITTED UNION FLAG HOT WATER BOTTLE
292,292,MNB-935,MFM-5846,5437.0,6524.4,3.3,RED WOOLLY HOTTIE WHITE HEART.
293,293,YOA-3348,POP-498,6365.0,7638.0,3.3,SET 7 BABUSHKA NESTING BOXES
294,294,1LMM347,ZQX-268,2101.0,2521.2,4.1,IVORY EMBROIDERED QUILT 
295,295,LDN-104,DHX-191,4284.0,5140.8,2.5,GLASS STAR FROSTED T-LIGHT HOLDER
296,296,1LIJ455,ZIY-578,7826.0,9391.2,4.2,SET OF 3 BLACK FLYING DUCKS
297,297,PRW-6342,VBJ-7584,4369.0,5242.8,4.7,SET OF 3 COLOURED  FLYING DUCKS
298,298,JNR-5167,YOV-885,4916.0,5899.2,3.2,PACK OF 12 RED RETROSPOT TISSUES 
299,299,GEK-823,KYG-720,7061.0,8473.199999999999,4.5,RED RETROSPOT MUG
300,300,VYM-550,6PWM699,3713.0,4455.599999999999,4.3,BABUSHKA LIGHTS STRING OF 10
301,301,5WAB175,ILF-3232,9682.0,11618.4,2.3,PIGGY BANK RETROSPOT 
302,302,LXL-222,HEV-0006,1542.0,1850.4,4.9,SET 7 BABUSHKA NESTING BOXES
303,303,IMH-847,AOE-3526,7730.0,9276.0,2.7,DOORMAT FAIRY CAKE
304,304,8VBT978,6PWM699,601.0,721.1999999999999,4.5,HAND WARMER RED RETROSPOT
305,305,2XQG189,OLN-592,5578.0,6693.599999999999,3.7,HAND WARMER SCOTTY DOG DESIGN
306,306,ITT-5775,4MFL133,1924.0,2308.8,4.4,HAND WARMER OWL DESIGN
307,307,LTI-872,4MFL133,3769.0,4522.8,2.3,STRAWBERRY CERAMIC TRINKET BOX
308,308,PMN-1345,5QNX725,4865.0,5838.0,2.2,PINK DOUGHNUT TRINKET POT 
309,309,FFH-1349,DBG-7795,7865.0,9438.0,4.1,SILK PURSE BABUSHKA PINK
310,310,XWF-1735,4JYG488,4623.0,5547.599999999999,4.3,HOT WATER BOTTLE TEA AND SYMPATHY
311,311,YLM-829,VVE-266,2631.0,3157.2,2.8,HOT WATER BOTTLE I AM SO POORLY
312,312,HOY-367,1KKA942,8944.0,10732.8,3.2,CHOCOLATE HOT WATER BOTTLE
313,313,IFL-9160,6OZZ475,1643.0,1971.6,3.5,WHITE SKULL HOT WATER BOTTLE 
314,314,3BEO882,VFS-040,5148.0,6177.599999999999,3.7,SCOTTIE DOG HOT WATER BOTTLE
315,315,RRK-2074,KRH-040,1388.0,1665.6,2.5,HAND WARMER RED POLKA DOT
316,316,8IPO387,VMY-984,9836.0,11803.2,3.1,HAND WARMER UNION JACK
317,317,9BCC626,5ENX652,2870.0,3444.0,2.2,HOMEMADE JAM SCENTED CANDLES
318,318,AHF-386,9LTQ832,6409.0,7690.799999999999,2.7,BIRD HOUSE HOT WATER BOTTLE
319,319,JLA-9726,4UQW264,8952.0,10742.4,5.0,BOUDOIR SQUARE TISSUE BOX
320,320,VIY-3793,TSX-7935,4342.0,5210.4,4.9,SKULLS SQUARE TISSUE BOX
321,321,6GUF911,VVE-266,9756.0,11707.2,3.0,PHOTO FRAME CORNICE
322,322,URM-8092,ZIY-578,6320.0,7584.0,2.7,SILK PURSE BABUSHKA RED
323,323,2SKH764,4XFM652,5542.0,6650.4,4.6,PICTURE DOMINOES
324,324,YEN-375,8ZVZ443,8639.0,10366.8,2.8,S/6 SEW ON CROCHET FLOWERS
325,325,1JLI833,8CVT954,9184.0,11020.8,2.8,SCANDINAVIAN REDS RIBBONS
326,326,YLP-5377,8LSQ921,6684.0,8020.799999999999,3.6,BALLOONS  WRITING SET 
327,327,KLM-0355,4XFM652,9084.0,10900.8,2.6,JAM MAKING SET PRINTED
328,328,7XDN569,4UQW264,3408.0,4089.6,4.2,LAVENDER INCENSE IN TIN
329,329,DPM-674,JTE-074,796.0,955.2,3.6,TV DINNER TRAY VINTAGE PAISLEY
330,330,PRA-361,4UQW264,4227.0,5072.4,4.2,SET OF 4 ENGLISH ROSE PLACEMATS
331,331,MRP-290,JYC-9014,6599.0,7918.799999999999,2.7,SET OF 4 ENGLISH ROSE COASTERS
332,332,OIB-0989,VVE-266,1579.0,1894.8,2.6,TRIPLE PHOTO FRAME CORNICE 
333,333,EJG-8061,NMI-816,6334.0,7600.799999999999,2.1,FAMILY PHOTO FRAME CORNICE
334,334,1AAN765,TRN-832,1443.0,1731.6,3.2,MIRRORED DISCO BALL 
335,335,1YNG454,JYC-9014,7002.0,8402.4,4.5,DISCO BALL ROTATOR BATTERY OPERATED
336,336,DOS-284,MEI-2677,2811.0,3373.2,2.3,SILVER LOOKING MIRROR
337,337,4JPW438,4UQW264,561.0,673.1999999999999,4.0,LADIES & GENTLEMEN METAL SIGN
338,338,XKH-2983,JHM-8840,1944.0,2332.8,4.7,METAL SIGN HER DINNER IS SERVED 
339,339,SWJ-312,AJQ-7252,2871.0,3445.2,4.6,YOU'RE CONFUSING ME METAL SIGN 
340,340,BUO-547,4UQW264,5499.0,6598.8,3.1,DOORMAT TOPIARY
341,341,GVK-333,XJZ-214,1805.0,2166.0,2.3,BATHROOM METAL SIGN
342,342,8TNO168,8ZVZ443,4589.0,5506.8,4.1,KITCHEN METAL SIGN
343,343,6IAY689,HWR-9762,3183.0,3819.6,2.9,TOILET METAL SIGN
344,344,DFI-3472,4UQW264,6236.0,7483.2,2.9,METAL SIGN TAKE IT OR LEAVE IT 
345,345,FSP-1940,6FWE749,8571.0,10285.2,3.9,I'M ON HOLIDAY METAL SIGN
346,346,TYW-511,YOL-4245,1975.0,2370.0,3.6,GROW YOUR OWN BASIL IN ENAMEL MUG
347,347,JHX-8858,VVE-266,577.0,692.4,2.4,SET/10 PINK POLKADOT PARTY CANDLES
348,348,1VYK435,5ENX652,6177.0,7412.4,2.8,SET 20 NAPKINS FAIRY CAKES DESIGN 
349,349,7YPI784,8ZVZ443,7892.0,9470.4,2.5,60 TEATIME FAIRY CAKE CASES
350,350,TYN-833,OPF-7631,6559.0,7870.799999999999,4.8,SET OF 6 T-LIGHTS SNOWMEN
351,351,WBF-7416,VVE-266,2615.0,3138.0,3.7,SET OF 6 T-LIGHTS SANTA
352,352,PDA-562,DBG-7795,5421.0,6505.2,4.8,SET OF 9 HEART SHAPED BALLOONS
353,353,FDI-963,QML-087,7097.0,8516.4,4.3,SANDWICH BATH SPONGE
354,354,9BCG113,MEI-2677,6261.0,7513.2,2.2,APPLE BATH SPONGE
355,355,UER-2236,TRH-717,9446.0,11335.2,3.9,STRAWBERRY BATH SPONGE 
356,356,ORG-513,JHM-8840,8361.0,10033.2,4.4,BLACK PIRATE TREASURE CHEST
357,357,OAR-5160,4UQW264,5672.0,6806.4,2.9,STAR PORTABLE TABLE LIGHT 
358,358,LJW-1770,MVY-694,690.0,828.0,5.0,SNOWFLAKE PORTABLE TABLE LIGHT 
359,359,ZYF-9544,PRT-227,1188.0,1425.6,2.5,PINK OVAL JEWELLED MIRROR
360,360,DLI-941,ILF-3232,6017.0,7220.4,4.4,RETROSPOT CIGAR BOX MATCHES 
361,361,NVO-245,CVO-898,4846.0,5815.2,3.9,COSY HOUR GIANT TUBE MATCHES
362,362,GEO-664,JYC-9014,3566.0,4279.2,4.1,JAZZ HEARTS PURSE NOTEBOOK
363,363,BJH-8008,ORV-636,7179.0,8614.8,3.4,LUNCH BAG DOLLY GIRL DESIGN
364,364,9OEC549,JYC-9014,3434.0,4120.8,3.7,WHITE HANGING HEART T-LIGHT HOLDER
365,365,7NEQ265,DDE-498,5984.0,7180.8,3.0,CANDLEHOLDER PINK HANGING HEART
366,366,GEO-851,8LSQ921,6023.0,7227.599999999999,3.9,WOOD 2 DRAWER CABINET WHITE FINISH
367,367,OAB-071,5ENX652,9498.0,11397.6,3.6,ASSORTED COLOUR MINI CASES
368,368,YVK-805,5ENX652,3927.0,4712.4,4.9,LUNCH BAG RED RETROSPOT
369,369,ERT-677,WQW-5140,6244.0,7492.799999999999,2.6,LUNCH BAG SPACEBOY DESIGN 
370,370,EFG-685,TAP-576,9376.0,11251.2,3.4,LUNCH BAG WOODLAND
371,371,BLO-748,1WEJ513,1342.0,1610.4,2.2,LUNCH BAG PINK POLKADOT
372,372,XTE-1171,UMS-3402,4005.0,4806.0,3.1,GUMBALL COAT RACK
373,373,1GKR675,8LSQ921,5699.0,6838.8,3.7,BLUE NEW BAROQUE CANDLESTICK CANDLE
374,374,5XSM757,ISZ-033,5761.0,6913.2,2.8,PINK NEW BAROQUECANDLESTICK CANDLE
375,375,YIX-948,NMI-816,6461.0,7753.2,2.9,FAIRY CAKE FLANNEL ASSORTED COLOUR
376,376,YWI-164,4UQW264,6417.0,7700.4,3.4,BREAD BIN DINER STYLE PINK
377,377,2PXX953,4FYK314,615.0,738.0,4.9,JUMBO BAG CHARLIE AND LOLA TOYS
378,378,5BHQ543,HWR-9762,2327.0,2792.4,2.4,TEA TIME TABLE CLOTH
379,379,WZT-213,JHM-8840,6946.0,8335.199999999999,3.5,ENGLISH ROSE HOT WATER BOTTLE
380,380,SUT-326,3ZRN516,3262.0,3914.4,2.5,ENAMEL FIRE BUCKET CREAM
381,381,LQT-8056,OPF-7631,7755.0,9306.0,3.6,PICNIC BASKET WICKER SMALL
382,382,KLU-166,9LTQ832,2563.0,3075.6,3.4,PAPER CHAIN KIT 50'S CHRISTMAS 
383,383,HMO-3999,NMI-816,8638.0,10365.6,3.9,PAPER CHAIN KIT VINTAGE CHRISTMAS
384,384,GGV-511,VBJ-7584,6576.0,7891.2,4.4,HOT WATER BOTTLE BABUSHKA 
385,385,9ASK339,MFM-5846,3422.0,4106.4,4.5,HAND WARMER BIRD DESIGN
386,386,6QFZ432,TRN-832,2463.0,2955.6,2.9,POSTAGE
387,387,BPY-8190,UKJ-141,7386.0,8863.199999999999,3.7,HEART IVORY TRELLIS SMALL
388,388,FPN-1696,8NOJ889,5796.0,6955.2,3.0,CLEAR DRAWER KNOB ACRYLIC EDWARDIAN
389,389,HLB-218,JHM-8840,8869.0,10642.8,2.2,PINK DRAWER KNOB ACRYLIC EDWARDIAN
390,390,8CXC192,1KKA942,8685.0,10422.0,4.6,GREEN DRAWER KNOB ACRYLIC EDWARDIAN
391,391,TWZ-6974,3DTQ784,4759.0,5710.8,4.9,BLUE DRAWER KNOB ACRYLIC EDWARDIAN
392,392,ORR-5457,VBJ-7584,5017.0,6020.4,3.0,HEART OF WICKER SMALL
393,393,YAF-240,JXD-1213,3211.0,3853.2,3.3,SMALL POPCORN HOLDER
394,394,XDH-464,1WEJ513,7192.0,8630.4,3.5,SET 6 FOOTBALL CELEBRATION CANDLES
395,395,3KSK518,XUE-668,9749.0,11698.8,2.5,SET OF 6 GIRLS CELEBRATION CANDLES
396,396,JAI-1923,YOV-885,3335.0,4002.0,4.1,ROMANTIC PINKS RIBBONS 
397,397,1PEW155,8LSQ921,3497.0,4196.4,4.7,BRIGHT BLUES RIBBONS 
398,398,AGX-036,1KKA942,3953.0,4743.599999999999,3.0,SCANDINAVIAN REDS RIBBONS
399,399,1AAS548,DBG-7795,5080.0,6096.0,3.6,CHOCOLATE BOX RIBBONS 
400,400,KIC-275,XEZ-3832,6727.0,8072.4,3.3,PARTY INVITES FOOTBALL
401,401,AEM-6288,1WEJ513,3981.0,4777.2,4.6,PARTY INVITES JAZZ HEARTS
402,402,GMS-908,JGZ-4842,8047.0,9656.4,2.1,PARTY INVITES SPACEMAN
403,403,MIB-331,6FWE749,5402.0,6482.4,4.2,SET OF 3 BUTTERFLY COOKIE CUTTERS
404,404,8HTU364,GPJ-9339,7112.0,8534.4,3.4,SET OF 3 HEART COOKIE CUTTERS
405,405,RXJ-877,XJZ-214,2330.0,2796.0,3.5,3 PIECE SPACEBOY COOKIE CUTTER SET
406,406,RMZ-700,9NPV696,6327.0,7592.4,3.2,PACK OF 72 SKULL CAKE CASES
407,407,5TQN964,8CVT954,1148.0,1377.6,2.7,PACK OF 60 SPACEBOY CAKE CASES
408,408,AVP-357,5QNX725,9105.0,10926.0,2.1,PACK OF 72 RETROSPOT CAKE CASES
409,409,CSN-767,4JYG488,1217.0,1460.4,3.1,72 SWEETHEART FAIRY CAKE CASES
410,410,PBB-5359,7OZS975,3716.0,4459.2,3.5,PACK OF 60 DINOSAUR CAKE CASES
411,411,FBZ-1431,ZQX-268,3796.0,4555.2,3.8,LUNCH BAG SUKI  DESIGN 
412,412,7XZH121,GTW-973,1233.0,1479.6,4.4,LUNCH BAG CARS BLUE
413,413,7PQN882,OLN-592,4331.0,5197.2,2.4,LUNCH BAG  BLACK SKULL.
414,414,PGC-919,HEV-0006,6819.0,8182.799999999999,3.5,HEART IVORY TRELLIS LARGE
415,415,8JIF889,HRJ-128,6768.0,8121.599999999999,2.5,SET/5 RED RETROSPOT LID GLASS BOWLS
416,416,SUD-105,MEI-2677,9520.0,11424.0,4.3,WHITE HANGING HEART T-LIGHT HOLDER
417,417,9QNP461,CRQ-6453,3253.0,3903.6,4.1,WHITE METAL LANTERN
418,418,6IQS219,VMY-984,8758.0,10509.6,4.7,CREAM CUPID HEARTS COAT HANGER
419,419,URB-1891,POP-498,5994.0,7192.8,4.1,EDWARDIAN PARASOL RED
420,420,KZD-607,CVO-898,9144.0,10972.8,2.9,RETRO COFFEE MUGS ASSORTED
421,421,2QWO465,3GGT141,9242.0,11090.4,2.7,SAVE THE PLANET MUG
422,422,HHA-245,PEX-377,1665.0,1998.0,2.2,VINTAGE BILLBOARD DRINK ME MUG
423,423,KSM-6313,POP-498,8504.0,10204.8,2.7,VINTAGE BILLBOARD LOVE/HATE MUG
424,424,EXN-157,3WFX539,7166.0,8599.199999999999,4.9,WOOD 2 DRAWER CABINET WHITE FINISH
425,425,6OXK421,VMY-984,7594.0,9112.8,2.6,WOOD S/3 CABINET ANT WHITE FINISH
426,426,7DQI147,OPF-7631,8970.0,10764.0,3.4,WOODEN PICTURE FRAME WHITE FINISH
427,427,9OTS281,JGZ-4842,8750.0,10500.0,2.0,WOODEN FRAME ANTIQUE WHITE 
428,428,SUX-378,3BNM221,6245.0,7494.0,2.6,KNITTED UNION FLAG HOT WATER BOTTLE
429,429,YGX-6617,8NOJ889,4298.0,5157.599999999999,3.1,RED WOOLLY HOTTIE WHITE HEART.
430,430,LUK-1830,JXD-1213,790.0,948.0,4.9,SET 7 BABUSHKA NESTING BOXES
431,431,GFW-8624,TRN-832,5835.0,7002.0,3.0,IVORY EMBROIDERED QUILT 
432,432,GAD-655,YOL-4245,992.0,1190.4,3.5,GLASS STAR FROSTED T-LIGHT HOLDER
433,433,6JJX734,UMS-3402,5739.0,6886.8,2.2,HAND WARMER RED POLKA DOT
434,434,NAM-3183,NXY-8313,8659.0,10390.8,3.9,HAND WARMER UNION JACK
435,435,7GRN352,4XFM652,3729.0,4474.8,4.7,MAGIC DRAWING SLATE DINOSAUR
436,436,7KMT677,HWR-9762,997.0,1196.4,4.6,MAGIC DRAWING SLATE BAKE A CAKE 
437,437,1MXF538,7ESU165,1809.0,2170.8,3.4,12 PENCILS TALL TUBE SKULLS
438,438,3HJP863,8ZVZ443,1755.0,2106.0,2.1,CHOCOLATE CALCULATOR
439,439,9FHY877,POP-498,9551.0,11461.2,3.8,RED  HARMONICA IN BOX 
440,440,7KEG187,PEX-377,3766.0,4519.2,3.9,BLUE HARMONICA IN BOX 
441,441,WNX-066,XST-2619,2368.0,2841.6,2.1,SKULLS  WATER TRANSFER TATTOOS 
442,442,9OHX391,ZIY-578,4463.0,5355.599999999999,4.2,PACK 3 BOXES BIRD PANNETONE 
443,443,1IZF216,AJQ-7252,2427.0,2912.4,4.7,HOT WATER BOTTLE TEA AND SYMPATHY
444,444,4USO273,GPJ-9339,2873.0,3447.6,4.8,RED WOOLLY HOTTIE WHITE HEART.
445,445,VKW-3804,AUY-5858,8174.0,9808.8,4.9,WHITE SKULL HOT WATER BOTTLE 
446,446,PDT-1664,ZZE-9916,2767.0,3320.4,2.2,3 PIECE SPACEBOY COOKIE CUTTER SET
447,447,SAW-0900,ZZE-9916,4762.0,5714.4,3.1,SET OF 20 KIDS COOKIE CUTTERS
448,448,YFA-0962,QML-087,1850.0,2220.0,3.6,10 COLOUR SPACEBOY PEN
449,449,5UNN238,8LSQ921,8454.0,10144.8,3.7,VICTORIAN GLASS HANGING T-LIGHT
450,450,ZWG-7413,AJQ-7252,7182.0,8618.4,4.1,SINGLE HEART ZINC T-LIGHT HOLDER
451,451,5SMT491,DDE-498,5373.0,6447.599999999999,3.2,RED HANGING HEART T-LIGHT HOLDER
452,452,JQE-883,3DTQ784,5279.0,6334.8,3.2,HANGING METAL STAR LANTERN
453,453,NOX-659,3BNM221,8564.0,10276.8,4.5,SILVER HANGING T-LIGHT HOLDER
454,454,2FHD738,WYV-4875,1214.0,1456.8,2.8,DOORMAT RED RETROSPOT
455,455,SEK-525,JHM-8840,4078.0,4893.599999999999,3.1,DOORMAT HEARTS
456,456,2RPS264,RPP-443,3460.0,4152.0,2.8,NATURAL SLATE RECTANGLE CHALKBOARD
457,457,HWX-799,UMS-3402,6399.0,7678.799999999999,2.4,LOVEBIRD HANGING DECORATION WHITE 
458,458,MMS-096,TRN-832,7853.0,9423.6,4.6,ASSORTED COLOUR BIRD ORNAMENT
459,459,WZV-2117,DBG-7795,7790.0,9348.0,3.7,HOME BUILDING BLOCK WORD
460,460,QTJ-2265,3FEL274,7116.0,8539.199999999999,3.5,LOVE BUILDING BLOCK WORD
461,461,MTU-780,MVY-694,9869.0,11842.8,3.7,PHOTO FRAME CORNICE
462,462,TZT-583,6PWM699,5594.0,6712.8,3.3,PENS ASSORTED FUNNY FACE
463,463,5KYI148,YEC-3149,7938.0,9525.6,2.1,CARD CIRCUS PARADE
464,464,CBB-229,4CVC657,8305.0,9966.0,3.5,WRAP COWBOYS  
465,465,HMZ-443,MEI-2677,2155.0,2586.0,4.8,AIRLINE BAG VINTAGE TOKYO 78
466,466,WLL-074,YOV-885,5954.0,7144.8,2.1,RED RETROSPOT UMBRELLA
467,467,6GSX935,VBJ-7584,2612.0,3134.4,3.5,BLACK/BLUE POLKADOT UMBRELLA
468,468,HHZ-7605,NUD-009,5825.0,6990.0,3.5,RED 3 PIECE RETROSPOT CUTLERY SET
469,469,OPO-4997,TSX-7935,7432.0,8918.4,3.8,PACK OF 72 RETROSPOT CAKE CASES
470,470,7JII666,4FYK314,8587.0,10304.4,2.5,SET OF 72 RETROSPOT PAPER  DOILIES
471,471,2UUJ554,KRH-040,8637.0,10364.4,2.8,BLUE COAT RACK PARIS FASHION
472,472,IGW-161,ZIY-578,4740.0,5688.0,2.1,PLASTERS IN TIN SKULLS
473,473,4ADT668,ORV-636,3755.0,4506.0,2.2,SLEEPING CAT ERASERS
474,474,PYV-870,8NOJ889,3301.0,3961.2,4.1,CARD BIRTHDAY COWBOY
475,475,NMT-4292,ASW-1181,9346.0,11215.2,3.0,PACK 3 BOXES CHRISTMAS PANNETONE
476,476,QNA-786,GPJ-9339,5201.0,6241.2,4.3,ROTATING SILVER ANGELS T-LIGHT HLDR
477,477,ZRK-192,3GGT141,6735.0,8082.0,3.2,COSY HOUR GIANT TUBE MATCHES
478,478,WZY-8088,3FEL274,6154.0,7384.799999999999,2.6,RIBBON REEL MAKING SNOWMEN 
479,479,6SYS422,VFS-040,8496.0,10195.2,4.5,MINI PAINT SET VINTAGE 
480,480,8IES682,XEZ-3832,2557.0,3068.4,2.1,4 TRADITIONAL SPINNING TOPS
481,481,2WCT718,QML-087,1129.0,1354.8,4.6,SET OF 6 SOLDIER SKITTLES
482,482,LTX-1027,6HVY869,3996.0,4795.2,3.3,BAG 500g SWIRLY MARBLES
483,483,NKI-312,OLN-592,5206.0,6247.2,3.3,5 STRAND GLASS NECKLACE CRYSTAL
484,484,NPU-977,XUE-668,7070.0,8484.0,3.0,WHITE SKULL HOT WATER BOTTLE 
485,485,TCQ-2482,VBJ-7584,9547.0,11456.4,2.2,SCOTTIE DOG HOT WATER BOTTLE
486,486,CST-3666,HWR-9762,9882.0,11858.4,4.7,SQUARECUSHION COVER PINK UNION FLAG
487,487,GLO-586,YOV-885,7812.0,9374.4,4.9,SPACEBOY CHILDRENS EGG CUP
488,488,RGT-6241,JGZ-4842,4062.0,4874.4,3.5,CHILDREN'S SPACEBOY MUG
489,489,QFP-8806,CRQ-6453,748.0,897.6,3.0,HAND WARMER SCOTTY DOG DESIGN
490,490,UXX-1129,KRH-040,9696.0,11635.2,3.8,FELTCRAFT CUSHION OWL
491,491,VNE-349,DDE-498,9404.0,11284.8,2.5,BLACK CANDELABRA T-LIGHT HOLDER
492,492,UQZ-1963,3ZRN516,5317.0,6380.4,3.4,TOY TIDY DOLLY GIRL DESIGN
493,493,6KHE755,UMS-3402,1746.0,2095.2,3.4,SET 12 LAVENDER  BOTANICAL T-LIGHTS
494,494,4EYL712,ISZ-033,1978.0,2373.6,5.0,UNION JACK FLAG LUGGAGE TAG
495,495,RAV-1232,9LTQ832,1503.0,1803.6,4.9,RED HEART LUGGAGE TAG
496,496,IHC-354,XST-2619,2627.0,3152.4,4.0,RED GLASS TASSLE BAG CHARM
497,497,1EAG881,1KKA942,752.0,902.4,2.6,CLEAR ACRYLIC FACETED BANGLE
498,498,VPS-560,ZCO-1967,9581.0,11497.2,2.8,5 STRAND GLASS NECKLACE CRYSTAL
499,499,NYE-935,ZCO-1967,5370.0,6444.0,2.6,DOORMAT UNION JACK GUNS AND ROSES
